{"metrics": {}, "predictions": [2], "uids": ["0"], "scores": [0.1927795261144638, 0.31217262148857117, 0.4950478672981262]}