{"metrics": {}, "predictions": [2], "uids": ["0"], "scores": [0.20803171396255493, 0.29478126764297485, 0.4971870183944702]}