{"metrics": {"ACC": 0.0}, "predictions": [2], "uids": ["0"], "scores": [0.15416431427001953, 0.36498215794563293, 0.48085352778434753]}