{"metrics": {"ACC": 0.0}, "predictions": [2], "uids": ["0"], "scores": [0.20719309151172638, 0.2940521240234375, 0.4987547993659973]}